<?xml version="1.0" encoding="utf-8"?>
<!DOCTYPE components PUBLIC "-//SEASAR//DTD S2Container//EN"
"components21.dtd">
<components namespace="example">

    <include path="%DAO_DICON%" />

    <component class="CdDao">
        <aspect>dao.interceptor</aspect>
    </component>

    <component class="CdTxManagerImpl">
    	    <aspect pointcut="requiredInsert">pdo.requiredTx</aspect>
    	    <aspect pointcut="requiresNewInsert">pdo.requiresNewTx</aspect>
    	    <aspect pointcut="mandatoryInsert">pdo.mandatoryTx</aspect>
    	    <aspect pointcut="getAll">pdo.requiredTx</aspect>
    	    <aspect pointcut="delete">pdo.requiresNewTx</aspect>
    </component>
	
</components>
