<?xml version="1.0" encoding="utf-8"?>
<!DOCTYPE components PUBLIC "-//SEASAR//DTD S2Container//EN"
"components21.dtd">
<components namespace="example">

    <include path="%DAO_DICON%" />

    <component name="beanCdDao" class="Cd1Dao">
        <aspect>dao.interceptor</aspect>
    </component>
    
    <component name="daoImpl" class="Cd2DaoImpl">
        <aspect>dao.interceptor</aspect>
    </component>

    <component class="ShelfDao">
        <aspect>dao.interceptor</aspect>
    </component>

    <component class="ShelfSearchCdDao">
        <aspect>dao.interceptor</aspect>
    </component>

</components>
